,ECS
0,3.2126071462358365
1,2.1153486808632698
2,2.1336785488990375
3,1.8009107300681455
4,2.3770766169554047
5,5.3318837089708735
6,2.9028355282016607
7,4.224151510662355
8,2.49935289067037
9,3.1759540581926737
10,2.4119254260789775
11,1.856353740598209
12,4.440554267630387
13,3.496213228647074
14,3.3991828022826116
15,4.933202664271831
16,3.894840836197955
17,3.156597230730154
18,4.124040862027346
19,3.1294475374036774
20,2.0668606641713017
21,2.8433163921195104
22,2.674533268611785
23,2.4815045329985663
24,2.348558399701875
25,2.009731486747656
26,2.586732670686913
27,2.5017491528251297
28,3.1854585857649034
29,2.628215705498572
30,4.1064520480212705
31,3.8850190486195864
32,1.8484781968333022
33,3.0880184829179775
34,2.0887179984385797
35,3.4040949365170485
36,2.561111281607374
37,2.1541222168888017
38,2.667065926082084
39,2.7097994882532883
40,6.063336694415804
41,3.5387345731651934
42,2.5987613842265436
43,3.063493660565599
44,3.8558866291191007
45,3.1806010087802687
46,3.543969879656104
47,3.3868566246374825
48,3.9126773590423567
49,2.6975398615671504
50,2.0619393356571445
51,2.1730258513350997
52,3.7264660777007563
53,3.4284571954583196
54,2.620923684828176
55,3.7578207750883648
56,3.6997323829031203
57,3.8149105152664227
58,2.906261347567151
59,4.146446914749071
60,2.0617205767160756
61,5.401390390793665
62,2.307755105409497
63,4.533100261629277
64,4.692312596096686
65,2.6982049834408404
66,3.1937929993990934
67,2.521888866366713
68,2.706876540975061
69,2.498933751985218
70,1.7265184939777742
71,2.641874087531033
72,3.132799988668389
73,2.7832230840069467
74,3.277591677050605
75,2.0071649777577827
76,3.046725651810877
77,2.9364901478691765
78,2.532843988318386
79,2.266862246233761
80,3.810004939366689
81,2.9502192545715116
82,2.356516378691007
83,4.058058926634011
84,2.1779529916094322
85,2.973690628979231
86,4.082334691175653
87,2.768842217165399
88,2.7846461184580433
89,3.463151555494072
90,3.0796291206478497
91,3.7712234536083025
92,2.796116299165473
93,2.715432859818654
94,2.526517997187007
95,4.325390539279193
96,3.106148747371546
97,3.661284983382417
98,5.077494206316672
99,2.6968974585342917
100,5.619304785965751
101,6.794052009608593
102,4.441027295321049
103,3.3580490062217665
104,2.9339243515621534
105,3.1176527464320904
106,1.9966596592229937
107,2.6128895019039815
108,2.8530566622194544
109,3.6698514125926787
110,3.351246336817118
111,2.1156873526654936
112,2.2801978062715804
113,2.79878471960448
114,5.200732422789921
115,3.009397016696182
116,4.284976499319799
117,4.222637639453501
118,2.5018477171048787
119,2.1837071021440377
120,3.4773495106039585
121,2.4252213317125717
122,3.2201726645313267
123,3.038673576203922
124,4.232645692321685
125,2.2853632037119818
126,3.4464909840577223
127,3.5036314132352024
128,2.929023428562615
129,2.4713422301099084
130,2.856861434005564
131,3.8463643281011395
132,3.1225550736465646
133,3.257079350175792
134,3.0713681717377805
135,2.215133579521332
136,2.2934396957992274
137,3.2525046977899983
138,2.2830815501420734
139,2.0933948352650993
140,2.6353049183163524
141,3.164637394033016
142,3.013018435781197
143,3.3630734112816283
144,2.5613387942585883
145,2.346809373129351
146,10.251514616242781
147,4.2260123363237305
148,7.851842168138285
149,6.873844992504639
150,4.222180700611774
151,10.751786400244509
152,3.148362523280954
153,4.134870754237572
154,2.317031203002196
155,3.1102851850285553
156,4.661421491425218
157,3.067122314280711
158,2.782461692143165
159,2.2969519352071432
160,2.933985660915869
161,2.5002114486228595
162,2.517996634875465
163,2.0412977546056106
164,2.8907935083285152
165,2.997296842270134
166,4.27374734912522
167,4.2461065716995146
168,1.751920362607277
169,4.343703405980741
170,2.684380753451438
171,2.9365731321582014
172,1.7839306666153205
173,2.2960383398912416
174,4.181416307405647
175,2.0108416329295795
176,3.2913237871318133
177,2.3228716772511673
178,3.5420856098933733
179,2.7558407260743394
180,2.66252240817116
181,4.484400883388224
182,3.2855439280678995
183,2.7839867443968855
184,2.83847440551727
185,2.8497491877922863
186,2.4413043543741466
187,2.713582341724227
188,2.8795366699664995
189,2.3829525946877546
190,2.3637827292363394
191,3.3357603456605855
192,2.7863223555629415
193,2.22541377384715
194,4.4390937406514235
195,1.952149476075593
196,4.409641770551132
197,1.9711825369076759
198,3.2918622245437814
199,2.4208310496912473
200,2.8619534236031874
201,2.1525946983731443
202,2.5061591863244197
203,2.5879047397109
204,1.85090118803928
205,2.051423333260971
206,3.5898816540872303
207,2.467047450890328
208,2.4405745073387
209,2.59310585146218
210,3.240983474706056
211,2.9511737505980684
212,2.6694735410149333
213,2.55083481335988
214,3.4654103421556983
215,3.1733563617806664
216,2.598341543734194
217,2.960114972306365
218,3.3173700213348427
219,2.4114051211482757
220,2.6002125618818224
221,2.422172904472942
222,5.057519967622411
223,2.8650107534422657
224,3.374272296581816
225,2.2774180515610523
226,2.487956020122603
227,3.1501760916712835
228,2.7672047407464873
229,2.8011314412221897
230,3.1828233880377064
231,3.0818974449804624
232,3.2804429797659345
233,3.3578542529303252
234,3.3631742305550953
235,3.055088504959776
236,2.8595814034156652
237,2.536329343051994
238,3.710284778395844
239,3.5181510025577336
240,2.659095976230294
241,4.474423147869396
242,3.8738596795953195
243,3.9136062437930836
244,3.125510381584888
245,2.24750068544693
246,2.3488597864417704
247,3.2624273291979184
248,2.9191894346620684
249,3.8516918559904747
250,3.1488848933788827
251,3.3927109633008943
252,2.5320579882792305
253,2.710067056851684
254,2.780038613092768
255,3.893761828362802
256,4.285044615094199
257,5.930769768440289
258,2.9143375170831116
259,2.7394174050931723
260,2.325636782064099
261,3.823506613678345
262,2.4983899699562904
263,2.7374862748031457
264,2.045654231557462
265,2.3730183790003703
266,3.687998924666985
267,5.468760895395174
268,3.80120330727227
269,2.582546369152234
270,2.171796577326184
271,3.5805061374548046
272,4.107471600696935
273,3.6145044143861527
274,2.403356198448185
275,2.7923756807603786
276,3.56222206228258
277,2.6230069797734443
278,2.262008359667301
279,3.3277865282819086
280,2.5369128899234177
281,2.6867579849216674
282,2.5929279174967954
283,2.1470393982640115
284,4.170080061189334
285,3.5250111836295908
286,2.575778255662808
287,2.821120115593295
288,2.6663573520085624
289,3.435370526786572
290,4.799272561368877
291,2.974131677031953
292,2.8149772977017937
293,2.5180042968514957
294,2.8467100070292273
295,2.9215820856226897
296,2.4180044705600543
297,5.4723250271225625
298,3.669417107876728
299,4.907279453995833
300,3.659625661042181
301,2.9588854754932115
302,3.9582670759965253
303,3.232699488711534
304,4.375613780404176
305,2.8072085880139315
306,2.533265047490796
307,4.25723058817407
308,3.0965410538822127
309,4.467030963729534
310,3.6287808308645535
311,2.173371583040361
312,3.4011763098025147
313,2.659805866987948
314,4.670164258680834
315,3.6536902358153287
316,2.6588709506921564
317,2.1373852961160837
318,5.519269149560701
319,2.5407332035332915
320,4.944039537843092
321,3.3008999292724286
322,2.0610987966027596
323,3.508923388378207
324,2.357894113065245
325,3.3651791242834
326,3.5881557335822873
327,2.748046899463631
328,6.402334874743526
329,2.6683301950000753
330,3.837172876207881
331,2.3273124880014393
332,3.097969204740142
333,2.6464416667757913
334,5.131480482685841
335,5.172265439832152
336,3.5173364946391636
337,3.6112639177405508
338,2.6209539447027637
339,2.4993912496094715
340,2.7030124646446
341,2.2228857340233166
342,2.9049685274186134
343,2.235054347076319
344,2.5139406996050684
345,2.7000971792399255
346,2.8095833253040357
347,4.863894458634356
348,3.381960588808673
349,3.5642210166675565
350,2.813305174640748
351,2.1435485520610458
352,2.7184325987609217
353,3.4916669566235106
354,2.6044845551124887
355,2.716695332516254
356,3.8319073971900077
357,2.622697160340166
358,3.1128099290562106
359,4.799051203014247
360,2.505275561719963
361,6.2773838448747705
362,3.7324262152814693
363,3.160615854453161
364,3.0328717173798947
365,2.147697304409103
366,4.486988337681816
367,2.810333901146317
368,3.096024983470356
369,5.2749473491039485
370,2.456403708040321
371,3.2756195481346633
372,1.8512253719361056
373,2.280294772518171
374,2.4356890706773693
375,4.4552642859655105
376,2.507088066915908
377,2.326711550814389
378,2.7893513510063177
379,3.3393775182774084
380,2.53720075291222
381,3.21132448956127
382,5.189935142044559
383,3.152374041162944
384,3.5324627357985303
385,6.9791225461871385
386,2.9213874880309283
387,3.635084578798712
388,2.708708544981255
389,2.517955511809188
390,3.0023362838323506
391,1.8373257355363815
392,2.5687396342550692
393,3.2194765424575174
394,2.300156967186405
395,3.4437612149625036
396,2.589485586578504
397,3.3848776506417018
398,2.3154254343535636
399,2.254364368701113
400,2.409674369603207
401,3.268368708706764
402,2.026929649659948
403,2.427818864343639
404,2.1687568209143375
405,2.352529511713774
406,2.743479989451105
407,2.9770723641108767
408,3.0137463708263006
409,4.032729428843628
410,3.5308795702667735
411,4.186458467027717
412,2.389159755550783
413,1.8108700020401105
414,3.2264612802893033
415,2.5533361043548
416,1.7772258493307773
417,2.220898431549648
418,2.5397290887226154
419,2.6952518166571537
420,2.201292244309996
421,2.814083528428437
422,1.9988364335331466
423,3.755300647788359
424,3.72337922480972
425,2.0860864721369965
426,2.5304166585925207
427,5.589356009459882
428,3.3835133893805276
429,3.8997317120804733
430,3.86229783474746
431,3.7845937860580556
432,2.8977351762415764
433,2.9702843088587776
434,1.9929225821731567
435,2.2384955276731318
436,5.253600195496422
437,2.9271734833219765
438,3.3070263661415558
439,5.988300030094634
440,2.3434567604408723
441,2.7458471807973996
442,3.362042930388451
443,2.435900561964006
444,3.5579172710749507
445,3.059306861332518
446,2.5669382958452753
447,2.953388563912189
448,2.1766741074955305
449,2.700918126048396
450,3.938264883127068
451,3.0504016024084
452,2.2856476519399105
453,3.0917827499791386
454,2.6949187069916882
455,3.127682393196467
456,2.5847341547729576
457,2.918964740217293
458,3.0677267269463746
459,3.2853561128484374
460,3.1761232169445006
461,2.605535707432608
462,3.455277742670844
463,2.1056586644048183
464,2.6278893417529128
465,5.123207335767812
466,2.714575895488362
467,4.239454892444351
468,2.168135224431511
469,2.8798726409019513
470,4.0371922609340105
471,2.3204853874325826
472,2.338643809932233
473,3.813538534417018
474,2.259072879635807
475,3.3583439965001083
476,3.188709307811983
477,3.8029731520935703
478,2.5152593830553096
479,2.916155656835103
480,2.3984515503326507
481,1.7718128122972288
482,3.199562824084345
483,2.0644434636206266
484,3.155048663580969
485,2.8029200301564816
486,3.550334173892211
487,2.9553747057401965
488,2.1468433804432663
489,2.3388203710970252
490,2.995350173313747
491,2.9146596777884564
492,5.647773058519154
493,4.8790568030246115
494,5.382774843053443
495,4.142880006555266
496,8.93157278769454
497,3.0583728979007487
498,2.4138886287014514
499,2.326394008434228
500,3.13863865700588
501,3.413467986192632
502,2.4914771561995726
503,3.9299399935299744
504,3.81164756380052
505,3.403749424247135
506,4.099424586279262
507,2.878356230209194
508,2.895130031042397
509,2.5557402208905033
510,5.051554189055153
511,2.6065890919510495
512,1.899265532895475
513,2.310441581476642
514,3.297611813079319
515,3.7744732436433432
516,2.769393860557591
517,2.509475812486859
518,2.661259907489226
519,2.2777744772923674
520,3.116300019968243
521,3.1056469702118563
522,2.784391025653276
523,3.2340852718262316
524,3.787088032135257
525,4.048170646330367
526,2.339085969434481
527,2.7036057795634334
528,4.619677160580537
529,3.349406846811666
530,5.801599988374577
531,3.1297969624785864
532,7.211072386959314
533,6.261964822410917
534,2.611341738449188
535,3.485333886253106
536,2.366628291886576
537,4.427932243263839
538,3.862367829658635
539,2.0548404142125913
540,3.6016889325334778
541,4.44069986693723
542,2.6476771741584697
543,4.269895345113763
544,2.5359750474114024
545,3.0585794787583334
546,2.462391847025713
547,2.3837884107892613
548,2.322144853261428
549,3.9450714970919134
550,2.576728142485701
551,2.9105304024943144
552,2.7236622276798137
553,2.0262093839632827
554,3.485342054031801
555,1.9643811157336455
556,3.7676683066060814
557,3.6351311988828803
558,4.6426403026964085
559,2.5322075385250438
560,2.828277724918099
561,4.183149133540337
562,2.6078366541870404
563,4.069420616300784
564,3.625543120081028
565,2.2493942446584048
566,3.7263186284894716
567,3.0564551194282847
568,2.926885292110481
569,3.6245785154123467
570,2.7160485574269773
571,2.4877707160204707
572,2.5686098022731505
573,5.379415318199657
574,2.367177711749165
575,3.689012763631142
576,3.871544227556958
577,3.6669265816206544
578,3.580552289731604
579,3.0772688369773276
580,2.6343215715012684
581,2.4555889172743885
582,2.6619218415442454
583,6.065087981188651
584,1.7779607362490295
585,3.31627171296243
586,2.213076936266023
587,2.2749826057467706
588,2.5631975702817287
589,2.4792595046596384
590,2.782352570417255
591,2.8085767051909056
592,4.136493139121665
593,2.1420881117856574
594,3.05123878106877
595,4.188042724693968
596,2.4371736489198668
597,2.5609290730273564
598,3.059259708375633
599,2.487914492898176
600,4.487133219657707
601,2.5587841737070125
602,2.367958371001044
603,4.020813460296577
604,2.965624838878103
605,3.2353564981180223
606,3.354764753493803
607,4.059309098938375
608,3.449837941611884
609,5.109629769444062
610,4.552477597965676
611,3.5448526521790567
612,7.43157004829392
613,3.08925155630403
614,3.6844116409119345
615,3.3930465492070043
616,2.807157227247045
617,6.00650852959421
618,4.861408255005058
619,3.3770723087531667
620,6.200527405632644
621,2.5576905253903646
622,3.1105903763004146
623,4.189903627673045
624,3.143980736244015
625,3.434461452536594
626,3.325962405154489
627,2.6184720715575005
628,3.4993179148797466
629,4.648201805540749
630,2.678036069020603
631,2.5910145646198233
632,2.7759036434817927
633,2.5272502232173837
634,2.2172185798064326
635,3.297785279975674
636,2.3126491703437555
637,4.490429129102241
638,2.9381793102275005
639,3.4861866168947775
640,3.403247535692786
641,3.0594500566713982
642,2.250630553309416
643,3.2327710374770513
644,3.2051043329485323
645,2.66911922467962
646,6.422268744307179
647,2.6215565708238655
648,2.7982066162209063
649,2.35289493892377
650,3.9375517169935352
651,1.949737305622498
652,5.716502496580585
653,4.550696191128864
654,4.663012133007192
655,2.3597634110018118
656,2.1986133714485243
657,2.861391378924076
658,3.9483973364066838
659,1.9485093971764507
660,2.6537558421454666
661,3.657081266005413
662,2.1733969956027894
663,3.0798308110138595
664,2.782376245008968
665,2.513619119169071
666,2.464519258249015
667,6.162182917594311
668,3.479803828494261
669,5.021539472981363
670,2.8343360250064897
671,2.2652955710238007
672,3.9517321803753456
673,9.764217343545743
674,2.9485631500780443
675,3.5822605652552113
676,2.826854666436731
677,3.7767344656230524
678,2.3180434769980085
679,2.926611451327958
680,2.357368543147868
681,4.199035070131289
682,2.430750908956137
683,3.8095215906241426
684,3.4357177774547156
685,5.482818280905002
686,1.9568381693841372
687,2.563469785774773
688,6.286319098097424
689,3.6353313563632863
690,3.409355769516741
691,4.178043652507493
692,3.203763762559966
693,2.6715487630873103
694,2.789195226884815
695,2.1075983049461215
696,2.211280355040989
697,2.7947007245699558
698,4.208080632060759
699,3.117941556961259
700,2.801133556528213
701,3.331493700683474
702,2.8488760859136817
703,7.703034102805315
704,2.252513460528128
705,3.7727665283623955
706,3.4265283951142775
707,1.812709188964957
708,4.281198046252139
709,2.4567251344921837
710,2.953223469580116
711,3.9987800871099553
712,2.775676954293441
713,5.029441512612177
714,3.425245317153983
715,3.1134228492480935
716,2.108836449934568
717,2.23740429084596
718,2.592352330395832
719,5.507232888823842
720,5.699111953720852
721,3.8977933817594312
722,5.150689634744721
723,3.44907530367251
724,2.3204447124000613
725,2.856105767025
726,2.497788058172203
727,2.3860228881555
728,2.3920930697945813
729,2.5767418304666028
730,2.673987329438051
731,2.21017471939037
732,4.015297840838055
733,2.6325099422954956
734,3.440592607701203
735,2.59928878081268
736,2.421175569560425
737,3.414692154080145
738,2.6678613992001172
739,3.0682763527470716
740,4.456195070767056
741,3.031391167002273
742,4.029653667222603
743,2.833290605758284
744,2.537013686843041
745,3.210871620152723
746,3.2777634118257994
747,2.9706463630722197
748,3.6366340640358468
749,2.694825224544329
750,3.6044464501782874
751,2.633609617137031
752,2.5913376191377484
753,2.846033286022472
754,4.498932920710281
755,3.230741350347733
756,4.762055470727066
757,2.5018252693938363
758,3.2299094504960078
759,2.445822389243911
760,2.810871094480812
761,2.8085689847965147
762,3.4009928939046747
763,2.071121521070414
764,2.88492587264222
765,2.5093244495778335
766,3.038018263052366
767,2.4218428952252125
768,3.284022069245838
769,3.5353151007114145
770,2.1696881057841972
771,2.244826331421052
772,3.808247231557456
773,3.4903165606865274
774,3.00017855030429
775,2.708846156190024
776,2.368651210274993
777,2.998774498024285
778,2.3501403617115244
779,2.5685449923240595
780,2.5390017698595573
781,2.973678255771324
782,2.91322937583625
783,2.9488065377473296
784,2.4580397843987916
785,3.7622742618149467
786,2.9528812489233527
787,2.327965697261238
788,2.590735703259474
789,8.540377270684466
790,2.4027538542630866
791,3.0348562338509875
792,3.389995775133502
793,2.276124347602236
794,3.344793617286814
795,3.296618895072129
796,2.634458150484733
797,2.745815264110773
798,3.7314096325685924
799,2.958099291486313
800,4.243173808045886
801,3.814448192431032
802,2.4868750790944754
803,2.5775641876112694
804,3.5991518693693294
805,3.0253493733062102
806,3.2726608005517117
807,2.517132750859203
808,2.416247598572701
809,2.418762842051047
810,5.7487130662439885
811,3.201074440804203
812,3.4827074357261574
813,3.024631888430941
814,3.6283978602778064
815,4.591554203654257
816,4.064252999497596
817,2.4922655166888377
818,2.3969471632188903
819,3.840913063809886
820,3.2548115768590815
821,4.258336585361463
822,8.054481139951104
823,3.838332089391972
824,4.380468432489021
825,2.3493197248680793
826,3.6892470816448824
827,2.641217169452631
828,3.851135645513185
829,3.866454925529051
830,2.13505466464929
831,2.4399095394191925
832,4.775525976968506
833,2.795427290473791
834,2.166729248919863
835,3.5422911557581
836,3.6855721723099393
837,2.8991411342861544
838,2.7179315755573077
839,3.266563876198572
840,3.7171016122342233
841,3.1709618966103457
842,2.9346442895891176
843,2.2553551216061813
844,3.586357768518675
845,3.343256850080687
846,1.857054424734107
847,4.113627278250909
848,2.9485554150586544
849,2.3751992968688813
850,2.2552305550607454
851,5.075028322586992
852,2.305835139275289
853,2.236420809583993
854,2.765314046414446
855,4.912538217911909
856,5.467807591286035
857,3.786366739103058
858,3.5897089014999324
859,2.8107978357274233
860,3.469806636500968
861,3.706531219183352
862,2.4690369302384902
863,3.466160596692126
864,3.085927113772335
865,2.9859328691842677
866,2.49188280342276
867,3.68816337682925
868,3.0720688870108668
869,2.4605166303824513
870,3.296414598660979
871,3.8362708218899573
872,2.7488082873473947
873,3.1365896774386175
874,3.4047947066491866
875,3.50630196450827
876,3.333883419127301
877,2.305452094407757
878,2.775926318386754
879,3.378343662745313
880,3.5685953044060286
881,3.3562394118242707
882,4.567159376915146
883,2.238774486429593
884,2.8405791717922133
885,3.732345740393536
886,9.31220435811606
887,2.7802354852873554
888,2.2292278941764843
889,2.4714968427769923
890,3.689065413275523
891,3.2818747447378778
892,2.0406064753506645
893,2.2497658699608265
894,2.1279688834332466
895,3.480185651517478
896,2.2496696614615335
897,3.060707144278881
898,2.6308031124532514
899,4.086323846649733
900,2.3552292119949056
901,3.2309123037118366
902,3.449706104505577
903,4.94817324337185
904,2.6437151405811647
905,1.8739086695930764
906,2.451444617798325
907,3.1815037981713843
908,2.4366854701215224
909,2.680747505009417
910,2.3497651721080812
911,3.2110236853139824
912,3.2810291383786634
913,2.3921319678756756
914,2.4129783169268233
915,4.00079011568674
916,2.652864713862194
917,2.936535835568036
918,3.0443035472272553
919,3.3209108495865167
920,3.316800251232827
921,2.5507739486361993
922,3.0747801544055635
923,2.2782359163931525
924,1.8396260646605669
925,2.0290649212115155
926,3.5733577631818774
927,2.4507813828745113
928,3.4737129717115516
929,3.5440084645427983
930,3.1332182845693826
931,2.3412456491855975
932,4.424502373025126
933,2.4966347732710457
934,2.2337133721586047
935,2.9188598129529555
936,1.9322734499643708
937,2.6216019241936444
938,2.5466111746792093
939,3.1665520418765762
940,4.120606669282679
941,3.596862513358329
942,2.016256257684126
943,4.025453548335583
944,3.4887394401690965
945,2.2078911588926102
946,3.8065851954691485
947,3.830757424047515
948,2.9486709205103807
949,2.989020958789506
950,2.9318651161201204
951,3.7380648967341865
952,7.049972570076261
953,2.39840711908435
954,3.3166411517944896
955,2.0683279127144334
956,3.7386692040825893
957,2.1598058648898726
958,2.722946332773235
959,2.97731802584051
960,3.18504138291674
961,2.7387821965904706
962,2.3879609006342832
963,2.379296897314856
964,4.110108495696479
965,3.5413439569253273
966,2.127721657653878
967,2.545387323300084
968,2.7811122336413976
969,2.9410253133632343
970,2.5505621304735113
971,2.964050068201166
972,3.9582891086582244
973,2.3746970706837476
974,3.120808456690915
975,2.673706040849157
976,3.18376655461328
977,3.7578566993266285
978,2.3915322976373155
979,3.0042764504072417
980,3.25758898376092
981,1.9589769822587788
982,5.010043090986619
983,3.6556325847043776
984,3.3057354386124205
985,2.7171178277107497
986,2.058116354792816
987,3.404526508444127
988,2.883628967096064
989,2.8520413467282477
990,3.0813927116574185
991,3.1993240801994256
992,3.7512496860644773
993,3.1744833837981794
994,4.5329837138979645
995,1.8922124957458275
996,2.6516345114791338
997,2.029610108700514
998,2.6479972060088537
999,6.332505138097336
1000,2.3980476885337425
1001,4.606723379869343
1002,2.074342872225627
1003,5.501784459149282
1004,2.019615324071478
1005,3.38395981218056
1006,3.3340970295866006
1007,3.9680159733235474
1008,2.255398647607759
1009,2.626333001222779
1010,2.0380974963108844
1011,2.912507701327065
1012,3.557050560123285
1013,3.0211876110671954
1014,3.954756797003651
1015,2.579168743830946
1016,2.2343258862816517
1017,3.5181608304941583
1018,2.8031131437254264
1019,2.1239310575474972
1020,5.830533445831163
1021,2.3324828351602536
1022,3.4306520414935107
1023,3.5561026581831023
1024,1.6682101732408632
1025,9.169769377478117
1026,3.4801331768119304
1027,2.967990295133836
1028,2.565716562482953
1029,3.8764246033192973
1030,2.4276401753661587
1031,2.9064063041952117
1032,3.4332061548460264
1033,2.771614595885681
1034,3.577364860206578
1035,2.084753292194699
1036,4.6271334775751765
1037,3.18394245264129
1038,3.592290362127882
1039,2.8901067790916595
1040,4.291195962604874
1041,4.414293981918914
1042,3.1082090663675364
1043,3.0340153935928775
1044,3.389113303883921
1045,4.370940546486352
1046,4.399290809683868
1047,2.6672558928231127
1048,2.2074792373243737
1049,2.5200616698129235
1050,2.567963536641707
1051,3.3661701386726115
1052,2.2426811401743105
1053,4.04673633743819
1054,3.28263949327172
1055,6.173420284889104
1056,3.87451880796029
1057,2.2841408206979184
1058,3.4091634547903675
1059,3.1465998157564306
1060,2.8209809649074633
1061,3.8707475389680126
1062,2.919879304931904
1063,2.3122565955357515
1064,3.4445446289282713
1065,3.2908125033778957
1066,2.406693712544836
1067,2.4692122829620096
1068,2.9238558887337547
1069,3.661583907237665
1070,3.714229984440175
1071,3.416703961429897
1072,4.882653583802484
1073,3.423698003262652
1074,2.467854297654938
1075,2.2234706998448646
1076,2.8878082136942216
1077,3.1253799117994343
1078,2.5706388391925423
1079,3.861646463805242
1080,2.9768561523916826
1081,4.331604952897781
1082,3.052028160529518
1083,3.7367714665240577
1084,2.464089182206338
1085,4.001614394611041
1086,2.193565156371624
1087,2.375990253696782
1088,2.621497181509759
1089,3.744498677420244
1090,3.0785242903968935
1091,4.625456228694242
1092,2.6495712084119534
1093,2.8210464275171656
1094,5.882710971346337
1095,3.2974958792548565
1096,2.2699575089557222
1097,2.725132988682048
1098,3.4219942296974852
1099,2.11137549716228
1100,2.479387617119832
1101,2.2772249663774042
1102,1.9183723513022928
1103,2.6120841765207796
1104,1.9157783573113314
1105,3.1386990829030337
1106,3.0866151956232675
1107,2.4242977801282564
1108,3.981403759810546
1109,2.278665504703718
1110,3.064303803979002
1111,2.9175953186894668
1112,2.9906750687571506
1113,3.3752994105712695
1114,4.738914575358691
1115,1.827420369775769
1116,4.736100697839236
1117,2.3397416928503625
1118,2.9167593980623634
1119,2.1931116554973857
1120,2.459876413809658
1121,3.390939669643199
1122,3.3037811862689925
1123,3.1758786973212576
1124,5.870534338544229
1125,2.936168654770816
1126,2.543081683613656
1127,3.2583896000126353
1128,2.98584678493001
1129,3.3357545618171227
1130,2.609242147679414
1131,3.513048601199207
1132,3.166908384982659
1133,1.7047945944537193
1134,3.4613126780941443
1135,1.7054605191442544
1136,2.6764356787740184
1137,2.7123019494095693
1138,4.81575032962176
1139,3.4813968942754663
1140,3.4695869015044125
1141,3.2414939820088664
1142,7.09526338617587
1143,2.557229840537246
1144,2.737474646662281
1145,3.5515289232736738
1146,2.0325871686301116
1147,4.462859739403312
1148,2.3551607350590418
1149,3.520135338349943
1150,3.3914802012635663
1151,1.797659302964347
1152,2.7085607740101314
1153,5.940668489888731
1154,3.436473723693745
1155,6.3247379515018896
1156,2.7222112045723477
1157,2.9955965090913255
1158,3.2420541437773513
1159,3.13374247728215
1160,5.2471897080649015
1161,1.8595363186882472
1162,3.3653763006660564
1163,3.1296968033337405
1164,1.8838128566481813
1165,2.018406912944565
1166,3.2940055888697253
1167,2.6799808692382716
1168,7.179448163332998
1169,3.7015962073625426
1170,2.546376101531675
1171,2.737635309396887
1172,3.0399062416712868
1173,3.86143891084524
1174,2.880419299252646
1175,2.613240695225885
1176,3.7615796936523487
1177,2.462927374270795
1178,2.8900380751267973
1179,3.558204173228613
1180,3.254638842321598
1181,3.4411212690728883
1182,2.345646150632394
1183,2.080963793561618
1184,3.482332573439085
1185,3.319289387106387
1186,4.952360369075886
1187,5.705371316292566
1188,3.0848529269198757
1189,2.5858987812288317
1190,2.8598844738157023
1191,3.4315790638941484
1192,2.364240855127823
1193,2.6071937588790446
1194,2.3951836028710045
1195,3.331492382682952
1196,3.515892468283737
1197,3.176150951353987
1198,2.110651022405652
1199,2.3042817726710827
1200,2.4360055765909103
1201,2.89718313918254
1202,2.3413272961311344
1203,2.2000938827017755
1204,3.125135076644949
1205,3.0616702242080343
1206,2.4036780168587715
1207,3.2473587507568253
1208,4.197522761981359
1209,2.9086445881172684
1210,3.9160522134003424
1211,3.1877893053246993
1212,2.659262219390654
1213,2.5588335078663835
1214,2.2208756394008384
1215,3.3805227148452675
1216,2.837046404441865
1217,2.3728388941161147
1218,6.320174436370487
1219,2.5409259539030407
1220,2.8496293746861436
1221,4.063274386285149
1222,1.6642454339299102
1223,3.1414230606675213
1224,2.424173615173545
1225,2.78399767223677
1226,3.860856613898067
1227,2.5036717495125096
1228,4.160638354401627
1229,2.2657769328003945
1230,4.35926502648323
1231,5.757328122323113
1232,3.0250633437097134
1233,4.703445114817827
1234,3.0619087766903728
1235,3.03102750908491
1236,3.036800282727398
1237,3.396770611887688
1238,4.7982458113966695
1239,2.355194345672454
1240,2.8967540299015555
1241,4.113588297674482
1242,3.3564582794575495
1243,4.504562851338141
1244,1.851557406633344
1245,2.8736511513217358
1246,2.3429548791730466
1247,1.9377768427090107
1248,3.2567540484317394
1249,2.4160774529099793
1250,3.090900476507022
1251,1.9880626769139378
1252,3.773404584235405
1253,2.276475446449354
1254,4.194450907521597
1255,3.293065581287847
1256,2.9353023573941686
1257,3.3172167918718833
1258,9.681943419088254
1259,3.8145675282881344
1260,5.71592922476733
1261,2.8180760450210887
1262,2.281912879807761
1263,2.9278881182005887
1264,1.9809022839943873
1265,3.77156196052537
1266,3.8233204504466265
1267,1.9410685232248988
1268,4.273176345430472
1269,3.7384295425325162
1270,3.6995750893438943
1271,2.7690582464564475
1272,2.3400968627936285
1273,3.1193708863772134
1274,3.7757966489949686
1275,2.5364638970250817
1276,3.661658351592498
1277,3.245641755542635
1278,3.3402753908892264
1279,1.8958367974139987
1280,3.038594098946798
1281,2.61977964470923
1282,2.838988154266347
1283,2.5805578005034766
1284,2.9018919547198894
1285,3.135084622770818
1286,2.703417182497806
1287,1.9535858243708781
1288,3.0554774976774417
1289,3.2344592436463895
1290,2.683209352233648
1291,2.6637770291451988
1292,2.8301668156411255
1293,2.9625206220171663
1294,5.1399622134305565
1295,3.0214303867376873
1296,4.2675823641411945
1297,2.743748492732061
1298,4.077110163238299
1299,2.8871738348612226
1300,3.033133082491254
1301,3.8827503159165366
1302,3.1160008814183886
1303,9.674021200082066
1304,3.5661495814449835
1305,3.326050840664369
1306,3.181032786942341
1307,1.942352500978
1308,2.185555022003349
1309,2.7789609976855263
1310,3.2174247930199944
1311,2.4911835963473745
1312,2.368241423482803
1313,3.3354119705048455
1314,2.2318892862579163
1315,2.502793741300971
1316,2.4078122441657994
1317,2.7115706957164125
1318,3.0239702803128035
1319,3.250583297263084
1320,2.4700378472409152
1321,1.9952661665433975
1322,7.494061416390325
1323,3.217263003823727
1324,2.3027994541675008
1325,4.446510564844269
1326,3.7241347790929273
1327,5.162884871553946
1328,3.1308475236593614
1329,2.9109092048280316
1330,2.0157638080233995
1331,2.737243738058728
1332,4.715488085101297
1333,2.6051938285347656
1334,4.50439612094058
1335,2.949192932456976
1336,5.775138346885561
1337,5.445668185363695
1338,3.8119787554731324
1339,3.864558892604755
1340,3.3008924146683154
1341,2.0260883002129275
1342,2.139319033010351
1343,1.9357896585752619
1344,3.3743851891372376
1345,2.54526482922445
1346,2.235446314780578
1347,2.172035058018625
1348,2.7799599917631266
1349,3.475245260361378
1350,3.0026649653403314
1351,2.8698989210368553
1352,2.264597892295129
1353,4.16083414849906
1354,2.4074485537675536
1355,3.518998933775178
1356,3.348720437523861
1357,2.404042578985008
1358,2.6179860712384886
1359,3.020399546415558
1360,2.120982169560383
1361,2.793624895408118
1362,3.040318667617783
1363,3.671856692865289
1364,2.7874613680741187
1365,2.843258861260615
1366,2.6332355725106718
1367,3.7965929820315227
1368,2.0887837682247743
1369,2.9691864784813506
1370,2.3799129123276064
1371,2.9195075655704543
1372,3.567656969481473
1373,2.330494743898523
1374,2.9732417363182004
1375,2.400106350130283
1376,4.817267534815427
1377,3.6826996682104394
1378,2.484358891969276
1379,3.3699843930478646
1380,4.512499967286542
1381,2.906403948849526
1382,5.233118886895552
1383,2.3495646178969065
1384,2.961285410216001
1385,2.75622818184021
1386,2.470675292180878
1387,2.4969406065200626
1388,3.0706686849352707
1389,3.6893562811944505
1390,4.363619017199904
1391,2.1333143925603784
1392,3.7808649526673768
1393,4.849600160886672
1394,4.838696232269014
1395,2.4444972047696205
1396,2.961385224586816
1397,3.473949120152997
1398,3.978425400587932
1399,2.3295740728400265
1400,2.7688815371750883
1401,4.77340666403996
1402,2.118167616333159
1403,2.1831762130878034
1404,2.932354972154316
1405,2.831984268596769
1406,3.7551506485286503
1407,2.2822604334202934
1408,3.5077823288425574
1409,7.063216805259026
1410,3.611666107439917
1411,2.5430887455939573
1412,2.696840319471402
1413,2.5890593012695673
1414,4.87221965334422
1415,2.9323190250834634
1416,2.617195055830388
1417,5.139881829007429
1418,3.703762489428095
1419,2.7590061970636417
1420,2.774583427687639
1421,4.3466498197654335
1422,3.2030110927534508
1423,3.229076170770831
1424,2.9398189048743313
1425,3.8262509925726356
1426,2.2249366264676453
1427,3.2538340041331715
1428,3.7646378170745747
1429,1.864020093592696
1430,2.4482246150856106
1431,3.061087601882391
1432,3.949266139472874
1433,3.0009585582916256
1434,3.0671075987092697
1435,2.7137072653492864
1436,2.9657817789969942
1437,3.0448631264438597
1438,4.426154525863869
1439,2.6573408931318836
1440,2.5070980323855134
1441,3.4866899286136706
1442,2.7794322409921004
1443,2.5205519842936126
1444,2.115564350161415
1445,2.747191825490571
1446,2.5352094734590263
1447,2.630044985926655
1448,2.9020585852848297
1449,3.6564651040765854
1450,4.080494644742712
1451,2.462687944177172
1452,1.9378123823061975
1453,5.282759905316456
1454,2.473021390170301
1455,3.8699983779893397
1456,2.596206482202715
1457,2.539718629350465
1458,1.9926716369055628
1459,3.716294566000085
1460,2.446649663290405
1461,3.0331372602478965
1462,2.768224138904046
1463,3.1204070243249564
1464,2.7006187083661373
1465,3.37381438929813
1466,2.605767499832336
1467,2.300513977556782
1468,2.960469952052721
1469,4.72106982693099
1470,4.376534512178976
1471,3.0388832016679834
1472,2.697045410470915
1473,3.9938517794574344
1474,3.177388675075131
1475,2.4541422785336215
1476,2.1068419766363813
1477,3.8418811905648518
1478,2.254400437943063
1479,2.6585468378626986
1480,2.70357468337926
1481,3.9646603149233437
1482,2.6009831307977667
1483,3.316820301736207
1484,2.580102028548538
1485,2.010769364629773
1486,3.412849349857394
1487,3.535916773210004
1488,5.0454907550618335
1489,3.0578281807329692
1490,3.2221207187922807
1491,2.2714128324669427
1492,3.803526338836487
1493,2.5486621427799654
1494,4.3942383592820065
1495,2.3050711562789084
1496,1.8620233811767881
1497,3.5711998016915842
1498,2.647529683096579
1499,3.1856095526010764
1500,3.766614134095172
1501,2.533223881816365
1502,3.2931314662912428
1503,2.878273708801448
1504,2.81755587488081
1505,11.568081615339272
1506,3.945975030959521
1507,2.184407769657547
1508,3.0582126075539158
1509,2.601114627944281
1510,3.5185547609251326
1511,2.4154349499311576
1512,2.408916000433144
1513,2.291776457411236
1514,2.244101541927975
1515,4.31546337443125
1516,2.413064782942121
1517,4.249978301153347
1518,4.871239446969424
1519,3.072248490964551
1520,2.8649760035044682
1521,4.2199453971783
1522,2.695382855973546
1523,2.955981609121286
1524,3.101741548531315
1525,3.070704842125729
1526,4.032381919529029
1527,5.284209801722083
1528,2.547538146274908
1529,2.4700539455248505
1530,3.481503146615638
1531,3.521167066147049
1532,5.200499967909028
1533,2.595032337768449
1534,2.1534633160014174
1535,2.58613034196516
1536,2.693582524579195
1537,3.0391831537993146
1538,3.3558914032423943
1539,2.6753266580521236
1540,3.549558681002215
1541,2.6560068537376935
1542,3.3932334310161645
1543,5.975669066077363
1544,3.120394311640156
1545,2.4395876224363526
1546,2.6996705217891317
1547,3.2129746408139943
1548,2.040948040904392
1549,2.93487608405476
1550,6.921343544263256
1551,2.3269758764026323
1552,2.880772422282411
1553,2.1803291663268785
1554,2.617723914634269
1555,2.231048771458767
1556,2.227563466856716
1557,1.8698664175492818
1558,5.319992979565935
1559,2.6145385049032552
1560,2.981269037642513
1561,3.8123751712442324
1562,2.0597208480834843
1563,3.3767090412024268
1564,3.1459743454351647
1565,2.447619991874376
1566,2.6442245416630596
1567,2.1697161354654315
1568,3.2447023219367157
1569,3.8331569597116215
1570,2.4319452237450334
1571,3.2955188947412553
1572,2.333333733698703
1573,3.048534647622932
1574,2.877296819173864
1575,2.8115009560494357
1576,6.726023094625274
1577,2.8751152356548686
1578,8.760321345993859
1579,2.9793006572733445
1580,2.4102180948115373
1581,3.5281744797273937
1582,2.463447284023017
1583,2.2730617802025836
1584,3.3202587660965968
1585,2.289495671232696
1586,2.059269513316073
1587,2.3259311620562166
1588,3.174791998700801
1589,4.059433584676993
1590,3.878749275898958
1591,2.6874204369786345
1592,2.548667481557271
1593,2.083181656009949
1594,2.6916903477574747
1595,2.3265248440854913
1596,4.449065264706076
1597,4.705626523173385
1598,2.9493446294357906
1599,3.429337335613153
1600,3.1173561679280017
1601,5.863581445458429
1602,1.9378603177758722
1603,2.474993493310795
1604,2.989812858441418
1605,2.348629732100336
1606,4.033107848155275
1607,2.9742776477839588
1608,3.0803635211301756
1609,2.479626655509942
1610,2.577125857927757
1611,2.687159285119721
1612,3.4427142417480003
1613,2.1565634166419954
1614,2.713010347892977
1615,2.6872511196452407
1616,2.623198274409509
1617,2.9307308666395353
1618,2.206285173908529
1619,3.074610953861399
1620,4.299269178668186
1621,2.854251481204864
1622,2.7359501978020853
1623,3.9335209780100198
1624,2.654868063096106
1625,2.548047346951704
1626,2.4466316424667167
1627,2.4914436799970763
1628,2.8076499080000676
1629,1.9776999495468655
1630,2.9588390718147006
1631,4.0845422197294345
1632,2.6109382490383926
1633,2.6617480460719025
1634,2.158621678284797
1635,3.2868400111966496
1636,2.7101106494986715
1637,3.1168019113897576
1638,2.361560034630004
1639,3.029042318033896
1640,2.1223676039006016
1641,2.431621434833589
1642,4.5272018006427315
1643,2.9237216103139185
1644,3.4585562238057213
1645,3.6315694688710836
1646,3.7540216474735364
1647,2.8608649632708896
1648,2.434577057719823
1649,2.406806688964131
1650,3.2496093586773545
1651,2.509607681060325
1652,3.960115725077752
1653,1.972098612464896
1654,3.0702934532495907
1655,2.780847790153071
1656,3.2761386777989783
1657,2.1555863043010377
1658,3.823460887618677
1659,4.148225070105531
1660,2.5626949240311143
1661,2.147840082878341
1662,5.077851909305552
1663,6.234692798255847
1664,3.5779513320729874
1665,4.365981524448745
1666,2.4385697962536836
1667,1.7626770252942388
1668,3.0181011935262387
1669,2.787780344332824
1670,5.929441273394535
1671,2.7562662182080313
1672,2.7681500580631515
1673,2.6200914791973804
1674,2.0106689968927696
1675,3.088325641974332
1676,2.826573467002239
1677,3.4102449265150976
1678,3.4951656053492597
1679,2.7779205875115625
1680,3.4383302146700263
1681,3.7151392402579395
1682,2.365637896235826
1683,4.036407690533311
1684,3.0675246701637175
1685,3.42100120529592
1686,2.519758610468462
1687,2.696012129237118
1688,3.2165951611887467
1689,2.83450100366467
1690,2.8981762822404598
1691,3.36772619469302
1692,3.7506852781131577
1693,2.190653111294915
1694,4.021315197475367
1695,2.5316175748117633
1696,2.453148648891418
1697,2.8835500272461867
1698,2.651197093156802
1699,2.22951309564714
1700,2.6680036641410707
1701,3.022850345447308
1702,2.564265763069217
1703,2.946388448619137
1704,2.713209340608565
1705,2.596025358441062
1706,3.050858157106653
1707,2.9021138330800347
1708,2.454904781207533
1709,3.6981790327048283
1710,3.8339697778984427
1711,2.0600501250179093
1712,3.983028380526434
1713,2.858702256825098
1714,2.5870177062395454
1715,4.973077638696801
1716,4.724797939858902
1717,2.1259925843588356
1718,2.986129681532497
1719,3.61996030804163
1720,3.051664707218965
1721,2.7281272028480714
1722,2.48516623187772
1723,2.7753077511116033
1724,2.5754783133979524
1725,3.387272706088242
1726,4.396510075233965
1727,3.766483002961993
1728,1.9686361983652099
1729,3.022939336431891
1730,5.331479492502883
1731,2.116358863492992
1732,2.8331786451944705
1733,3.0281219980263474
1734,3.59095375775323
1735,2.2195391638692294
1736,1.9164922579105181
1737,3.395049088988086
1738,4.3184689003335395
1739,2.2892427496755112
1740,4.1217463626201996
1741,2.1897764780778495
1742,1.9760660610521306
1743,2.497783376730441
1744,3.528879689421499
1745,2.918199142126614
1746,3.31213642091415
1747,2.6078204048946105
1748,2.7787065772626933
1749,2.492001929921188
1750,6.062349345641041
1751,3.485667912273936
1752,3.573182895992024
1753,3.8023615382697367
1754,3.8598550382250303
1755,2.266149867618935
1756,4.219102293192426
1757,3.960977785496312
1758,2.8525212515502183
1759,5.285658800429192
1760,2.6507338107634
1761,2.9137812349227556
1762,2.8853324806464484
1763,3.46574011728379
1764,1.9915816861928763
1765,3.792201398927153
1766,2.7589668228952147
1767,2.0507246540120514
1768,4.090736135961922
1769,2.4172233946942634
1770,3.139761335980924
1771,5.6612773996267896
1772,4.475496226077941
1773,2.237157226132685
1774,3.014454880871136
1775,3.220788740561934
1776,6.1336909349119875
1777,2.319030850773859
1778,3.2344962742599632
1779,2.7540156778037397
1780,3.0099063642145483
1781,3.450219295002722
1782,3.071543282084961
1783,2.7271063438690635
1784,2.1944225946162708
1785,5.042841815289602
1786,2.939713862307161
1787,2.2264152524237146
1788,3.5326390553392595
1789,3.0276854983840003
1790,3.4402106862306643
1791,5.576416921357545
1792,3.102321179072069
1793,5.269337733916243
1794,4.793131523819054
1795,4.342785929803231
1796,2.3230274100356305
1797,4.1480014229291085
1798,4.38179469436403
1799,3.4736921621897916
1800,3.3096947357830646
1801,4.892869010365241
1802,3.977561602884076
1803,6.34909665976904
1804,2.8500331304550026
1805,2.393713325617117
1806,4.767007430659842
1807,4.207161397829253
1808,1.8864131578133736
1809,2.599731693746717
1810,4.870434235298531
1811,3.0132270450467855
1812,4.67158347113233
1813,3.906442657770458
1814,2.883340839582796
1815,2.823132689891714
1816,2.333063203884085
1817,2.3587126750303695
1818,3.1101668767748873
1819,2.566482067939569
1820,4.1097014416461395
1821,4.433223846145813
1822,3.647098239068232
1823,3.0969258848784276
1824,2.5224100029200347
1825,2.3475389976791
1826,1.9977308671037008
1827,3.4638646128170216
1828,2.7419785324639827
1829,10.397337498991774
1830,2.6866968069648456
1831,2.7471216272550607
1832,3.822868216203701
1833,2.281043610177526
1834,2.134282769812836
1835,3.1048496036123105
1836,2.4541577519805604
1837,3.3199723741106553
1838,4.201825201511701
1839,3.2174844571738563
1840,2.8415711209772665
1841,4.007986833497422
1842,3.5869764496411243
1843,2.533059398345886
1844,3.4565399310372573
1845,2.9144403204185103
1846,4.435743691235591
1847,3.012105370530106
1848,3.203897618667905
1849,3.9504655318254263
1850,2.979736608923729
1851,3.6133820843188955
1852,3.430169679571618
1853,2.6715961284100946
1854,3.725115894364053
1855,3.2310710078647418
1856,2.8247068735268415
1857,3.4695708059321166
1858,2.4606172315092767
1859,3.915751311744686
1860,3.184960501882603
1861,3.4734095110431253
1862,2.736485717054968
1863,1.804106401884449
1864,2.7611827162922395
1865,4.4295996522152805
1866,2.527907287282227
1867,3.671068413569564
1868,2.9537419310997577
1869,3.4877056613200086
1870,2.435812565007813
1871,2.295451940128799
1872,2.5885625244676254
1873,4.2410679038952255
1874,2.602614950314918
1875,4.720352618047495
1876,2.374937939828211
1877,1.9967373765748628
1878,2.3342942267367035
1879,2.233332471255257
1880,2.7041551314749785
1881,2.1948731060987083
1882,4.182806744262334
1883,3.4390339133456385
1884,6.857215057012562
1885,2.7524320270211824
1886,2.6344657722409437
1887,4.064127257912556
1888,2.138069596994119
1889,2.0746002485232875
1890,2.562295057773212
1891,3.7261409395699245
1892,3.674411606500328
1893,4.199793718510059
1894,1.7746406815260198
1895,1.786127785172977
1896,4.630923714073823
1897,3.076152248522992
1898,2.116021531567556
1899,3.1278513138741473
1900,4.005510445106842
1901,4.120403510867228
1902,3.1970751786965126
1903,4.197808732662982
1904,1.970242891356259
1905,5.207095890350348
1906,3.0545399805648352
1907,2.3996032815556854
1908,5.892798839493069
1909,2.847872225728184
1910,2.7455423965769894
1911,3.361689465099774
1912,2.5509884876920452
1913,2.7832408695597364
1914,2.7571192694817985
1915,2.1189749634452855
1916,2.3580172233445174
1917,4.245493852579685
1918,3.608862909968377
1919,3.5246325962123195
1920,3.628403247593455
1921,1.9148258977634072
1922,2.9575362598664627
1923,3.040060219678459
1924,3.7265788882654225
1925,3.3026443346162044
1926,3.352488553834958
1927,3.3019628487161974
1928,3.2225806251955764
1929,2.395570883677043
1930,2.349065572669858
1931,3.0380352748694954
1932,4.518540339498227
1933,4.581333236900904
1934,4.6541900024340634
1935,2.6455504241284826
1936,2.9639325624391546
1937,4.11625247150918
1938,3.941074809799748
1939,2.148959118609449
1940,2.3799129652760835
1941,2.37435405898213
1942,2.002905318019627
1943,6.5571810541866125
1944,2.661510885526713
1945,5.813724105072995
1946,2.4797328773893144
1947,1.8867908985735022
1948,5.28569840436653
1949,5.181405910216182
1950,3.4713970097521543
1951,2.2760652454421613
1952,2.693407417383159
1953,2.296715083989306
1954,3.2724999988987693
1955,2.283268720641536
1956,2.4813401762326084
1957,2.270078127746889
1958,2.967423451520232
1959,2.250329350547993
1960,3.712481940402099
1961,4.099200578806531
1962,3.1439446302545644
1963,2.2147450471344925
1964,3.362736598030925
1965,2.5080116219538944
1966,2.9257207720745018
1967,2.3542685512413475
1968,3.630518191355718
1969,3.4449967156635126
1970,2.175628013369832
1971,4.078695868111754
1972,1.8472379161278372
1973,5.453134107056885
1974,3.249771467970915
1975,4.253743999925474
1976,2.1282116811695144
1977,2.8368171567854152
1978,2.365098322867037
1979,2.000207525334865
1980,3.8291318676720665
1981,3.8280752247137566
1982,2.3313794576572957
1983,1.8465928219398688
1984,3.3353161533947207
1985,2.769414948557677
1986,2.741707378952199
1987,2.487688161705273
1988,2.145638791109276
1989,4.534698774049846
1990,3.8586654386326713
1991,1.8869990006310657
1992,2.374154816912546
1993,2.5455436368848305
1994,4.007124411131654
1995,2.1340826893678515
1996,2.8420190490295014
1997,2.7036918347256944
1998,2.760850392956921
1999,3.330984058175954
2000,3.661283744080802
2001,2.7684883620419383
2002,4.353946960693212
2003,3.85931582394796
2004,3.476864250924684
2005,2.302631109216372
2006,3.507949820160361
2007,2.8903487406015933
2008,3.36004224786113
2009,2.066796427671805
2010,2.659653037424067
2011,2.4399159372564316
2012,3.0800078999325
2013,2.157940438385253
2014,4.165657940967445
2015,2.9339085814997903
2016,3.8686527324055753
2017,2.638374409185432
2018,3.805019476413761
2019,4.018834493864146
2020,2.25929460720161
2021,2.869492224489147
2022,3.2817597445945004
2023,3.4437764236341497
2024,2.2482835754774033
2025,2.5606296445927734
2026,2.9185614899165757
2027,3.2111378736236587
2028,2.976758478918361
2029,4.593910761308743
2030,3.6688259405132206
2031,2.4131556763740294
2032,3.721367936160008
2033,3.5959109241649365
2034,3.5606120362780254
2035,2.4731028601037672
2036,3.2653566486404495
2037,4.081245683090287
2038,2.156451715297203
2039,3.0122113122786165
2040,2.6374117269390887
2041,3.2582994300307324
2042,3.270830058601745
2043,2.9125268823708823
2044,4.294583522853466
2045,6.9189445175343565
2046,3.5075664569693554
2047,2.686311360752397
2048,2.199472939243979
2049,3.0480275466462037
2050,2.4495760442263377
2051,3.0289598034916545
2052,3.220198963659446
2053,2.342429809573869
2054,4.117924096663037
2055,2.718394814114787
2056,3.8118979518227483
2057,2.346270435689995
2058,4.722536702500067
2059,3.6163288251767143
2060,2.6173038182428194
2061,1.928805554816563
2062,1.9966222704420227
2063,1.911821330502316
2064,4.898699538057264
2065,3.7483186331759075
2066,2.5734736135860845
2067,3.7897040540702993
2068,2.5937029923444492
2069,3.142736486893698
2070,6.196840613756621
2071,2.7836282121412497
2072,2.7758566157460516
2073,3.683370823523144
2074,4.521957766405041
2075,4.251856223537527
2076,3.550870810295714
2077,2.7816843417246075
2078,3.3794847396211614
2079,2.1108744799279915
2080,2.9634861130191927
2081,2.4184628809479545
2082,3.153195181730558
2083,4.880118139146389
2084,4.602597914636106
2085,4.626385554530019
2086,2.90472556120156
2087,3.835694005742294
2088,3.3244326649398914
2089,3.7390123679653127
2090,3.084776090212213
2091,2.4159024379395677
2092,2.628854477522921
2093,2.783461024901408
2094,3.394458749175439
2095,2.214236973732817
2096,2.384412134288686
2097,2.4883535047422094
2098,2.552000413355605
2099,3.966045577000854
2100,3.570270586418507
2101,5.942586913618871
2102,3.6787367747445625
2103,3.125578438713485
2104,2.7869002996090626
2105,2.591404553962407
2106,3.206715786208453
2107,8.27089642724575
2108,2.463545293472892
2109,4.968372865021433
2110,2.3778643271938598
2111,3.250227724975841
2112,2.8449812586107655
2113,7.790578122455973
2114,2.0020334583696906
2115,4.4077614481145995
2116,2.6030755561157304
2117,2.7202700523665877
2118,3.238107291211367
2119,2.430904177030137
2120,2.886463691548858
2121,2.8718821193549067
2122,3.822513450544364
2123,2.9978288982387693
2124,2.376919712511153
2125,3.5747197940758277
2126,1.9164731727695663
2127,3.136268097808263
2128,3.047387233954906
2129,3.618374454842991
2130,3.224368077155833
2131,2.774307778971874
2132,2.43817598600385
2133,3.1037709885339857
2134,3.019155947734576
2135,2.601947364322295
2136,2.142623630700991
2137,2.5432181967561807
2138,2.7593166203361714
2139,2.3641771962411227
2140,2.788972714752881
2141,3.0283107147212
2142,2.908772798323956
2143,2.7926744141099853
2144,3.62826880453301
2145,3.197632725305578
2146,3.51208580980046
2147,2.8379379291924067
2148,3.254047341309229
2149,3.2699711920542227
2150,3.6775128848496976
2151,3.4714438401007044
2152,3.4913099565743226
2153,5.533226819773483
2154,2.692670624438347
2155,3.1639447991748675
2156,2.068598365535903
2157,4.154523814926333
2158,2.379685018697534
2159,2.801643764069005
2160,3.8734784162810327
2161,3.156926538339314
2162,5.40321334377104
2163,3.4110092980953146
2164,2.228822453372952
2165,2.5275735326459055
2166,3.6978414571103944
2167,1.879259297433921
2168,2.8183540464996195
2169,2.1722027902092425
2170,3.381864426860777
2171,3.496498160565681
2172,2.5600689510273305
2173,4.68989435566716
2174,4.385696326510351
2175,4.410626063633583
2176,4.608729991022375
2177,3.6656730323328914
2178,2.5547704040023818
2179,2.2476340868799167
2180,4.390992428494255
2181,2.935019797110164
2182,3.005102100661839
2183,3.8181475542097534
2184,4.550108247721014
2185,2.322374948742922
2186,3.4696725365384036
2187,3.0708504016303935
2188,5.0161524072767785
2189,3.4278696228339713
2190,2.6342523060592624
2191,2.136946109337283
2192,2.656163486288452
2193,2.9219390488835826
2194,2.988443214505701
2195,2.573723906888862
2196,3.967185237468125
2197,3.4429319873870594
2198,2.693193431010259
2199,4.502458529523915
2200,4.410709354535434
2201,3.7519207866416817
2202,3.3112408967674027
2203,2.919256647701524
2204,2.3841825241317482
2205,2.5255842631850545
2206,2.00369427295605
2207,3.0246519175733586
2208,4.342931102938971
2209,2.005476520056268
2210,3.256356053007536
2211,2.326580415691447
2212,2.082247339648391
2213,2.5384262692503454
2214,2.8519751747825417
2215,3.2623106885353597
2216,5.200245381643327
2217,2.676507517670238
2218,3.804626595885721
2219,4.9471521465443145
2220,3.913116865176081
2221,2.8195803476122
2222,3.120270085552166
2223,2.50609819601242
2224,4.454311287482363
2225,2.458037354785436
2226,2.2068740580562562
2227,3.3856737414647817
2228,2.9805186092393625
2229,4.260235826914719
2230,3.0093573513474228
2231,2.814246706969166
2232,3.872797651952914
2233,3.246837014634851
2234,3.9329219427045454
2235,5.270479319162008
2236,2.5838722539769776
2237,2.192005048233868
2238,2.989688667814517
2239,3.841439881362014
2240,3.1841579903402684
2241,4.988457528936646
2242,2.953817492636312
2243,2.333906470453746
2244,2.521968546088543
2245,2.2434915971526594
2246,2.535046673893542
2247,2.5248365519385376
2248,3.241973242128255
2249,3.010773367487858
2250,2.184034133419558
2251,3.720847193731388
2252,3.6337146565990306
2253,2.403512309230617
2254,2.624893244226625
2255,3.009091177252576
2256,2.824431748154702
2257,2.2327319186902885
2258,2.462568640640611
2259,2.214997513878399
2260,3.105434183418886
2261,2.7706783412831077
2262,2.7316204810594273
2263,2.10866641759147
2264,2.731217304480126
2265,3.5775013955321118
2266,2.2904518790478137
2267,1.9939700844535804
2268,2.613364385699385
2269,3.1499526267189943
2270,2.7472215518666916
2271,2.7792857776725777
2272,2.7168675241644547
2273,3.239316313530453
2274,2.1023769546695936
2275,1.9733965321021074
2276,3.0206738733744154
2277,3.7142068881989143
2278,2.4037871114084064
2279,3.4084554090049157
2280,5.27651938896472
2281,2.7955207223002208
2282,3.0810466148009876
2283,2.504416631815346
2284,3.174808403300108
2285,3.5050970125275227
2286,3.159746750493127
2287,3.2019401963774463
2288,5.380161233037072
2289,4.0190072247383934
2290,3.152994843020114
2291,2.582144501963203
2292,2.7821427689193503
2293,2.7218708732559933
2294,2.4422699799586334
2295,4.419532872028417
2296,2.766214888038791
2297,3.1217063174956428
2298,3.2084533744737365
2299,2.5037129306291726
2300,3.638099391050402
2301,3.3090854765147504
2302,3.623287326194886
2303,2.5739396499963454
2304,3.040603562302491
2305,2.4785675335088677
2306,2.501451081288297
2307,2.552104778039369
2308,3.1896845817105057
2309,3.5768021706146613
2310,2.0473262509247188
2311,2.4640607889221493
2312,3.3347728526702864
2313,3.208675153804024
2314,3.4778309495027773
2315,3.989818067748884
2316,2.465845600679801
2317,2.3090491068260617
2318,2.6529614996452033
2319,3.8753372466911733
2320,3.328337031357156
2321,3.5061206732738524
2322,1.9888527757776997
2323,2.2918184583389594
2324,2.240415798709344
2325,2.42885829446274
2326,2.5557903973902025
2327,2.47200194032819
2328,2.470139358903057
2329,2.24437870007754
2330,1.932460053875147
2331,2.2698656414243588
2332,3.47035093048843
2333,3.4004651341032615
2334,2.053284037936879
2335,2.4108412646605193
2336,3.320713776944599
2337,3.888976429346324
2338,3.2190443268434863
2339,5.422707041081827
2340,3.0459833844818123
2341,2.236586395716268
2342,2.3680533328317286
2343,2.7833027580481193
2344,2.886520947883933
2345,5.34978397979758
2346,2.6878012019982864
2347,3.7938092858863257
2348,2.138195972188933
2349,2.9033292615005717
2350,3.4166656497494468
2351,3.3074284744599916
2352,2.456015190116697
2353,3.059497951338087
2354,2.454058601443289
2355,3.844245534466963
2356,5.46470534773634
2357,2.932839658117405
2358,2.7282909525982713
2359,3.5981563955131426
2360,2.73532984396711
2361,2.961782553287073
2362,2.9960392719046465
2363,2.5842785161890056
2364,2.3920359436181275
2365,2.8341130970624433
2366,2.682173422615133
2367,3.3779056919455233
2368,3.2586609948203575
2369,2.184483273059081
2370,2.647721455252463
2371,3.0156229367699945
2372,2.0171543698559757
2373,5.616418472877022
2374,2.934144604929175
2375,2.549838039470995
2376,2.701802761292547
2377,3.320789725238979
2378,3.827850817479373
2379,2.3357472417171268
2380,2.3948621640481482
2381,3.4813051504391166
2382,2.571396271547252
2383,6.855816803628161
2384,2.4357897622692746
2385,1.9905682132953006
2386,2.858699603570199
2387,3.4504199079985933
2388,3.4151963516157613
2389,2.2479725522854155
2390,2.3915445534730426
2391,2.47477810141327
2392,2.6556094157487258
2393,2.6639403522962137
2394,4.004509436819899
2395,3.355440475858619
2396,3.5507302207295743
2397,3.5151353995925003
2398,3.31826828022346
2399,2.7580187652903416
2400,4.3064810037839445
2401,2.5529207253978607
2402,3.514995078032437
2403,6.476439389088796
2404,3.0635657046432128
2405,2.6744628128655403
2406,2.7526443174039725
2407,2.944197844058996
2408,2.3368773962511624
2409,3.22704680195048
2410,2.2892767665334888
2411,2.8522974117213304
2412,3.009857600944533
2413,3.1157962494392297
2414,2.5736503465880856
2415,2.8852353006678615
2416,2.7959679448237837
2417,3.19095263412703
2418,3.2225840818911453
2419,3.607969864213313
2420,2.706579291890577
2421,2.4636197484443225
2422,2.6461513433399357
2423,2.1496376919479556
2424,2.896444900918169
2425,2.355467476720698
2426,2.073138279303418
2427,2.3409532906892774
2428,3.07259255331071
2429,2.387481922503597
2430,3.8878317869827534
2431,4.062519083612968
2432,2.4816081828720487
2433,3.925714681151634
2434,3.4356231890948985
2435,1.734647118298978
2436,2.961223045791169
2437,2.4659113926253844
2438,3.2567338920411615
2439,2.489715615044551
2440,4.032672669764489
2441,2.0012040049786166
2442,2.9803637474598554
2443,4.202672016458265
2444,4.10798323788122
2445,2.467879781157503
2446,2.905338948940681
2447,2.5406689047247
2448,2.5773038857902995
2449,4.316351021096457
2450,3.1522638973445396
2451,2.8613761655115897
2452,2.6714729985218693
2453,4.7410494007534085
2454,2.956420551433662
2455,2.7196033183259125
2456,2.8880800835528073
2457,2.453592283117112
2458,5.896967561878364
2459,3.21236457547314
2460,3.69997927717762
2461,4.344857897518206
2462,2.6803659153353934
2463,2.5351827048972413
2464,2.3491985353415243
2465,3.346329867719661
2466,2.6407941547396168
2467,3.471002719427216
2468,3.7808062849726904
2469,2.69397598921132
2470,3.5686822672367597
2471,3.403434354347796
2472,5.2016530353014465
2473,3.3466116021503316
2474,3.6174968698514514
2475,3.927844189015884
2476,3.426310575128846
2477,5.226853678038098
2478,3.1324964278603282
2479,3.351034760713375
2480,2.4168284419050754
2481,2.4244303789544657
2482,2.991035957120936
2483,2.4739946326168356
2484,4.9118377248025515
2485,3.0625055406305575
2486,2.495415418779903
2487,2.493969748532327
2488,4.817844351996498
2489,4.493204373550246
2490,2.808774963233361
2491,4.716926559875078
2492,3.0450892418110076
2493,1.9379829208560582
2494,2.679761564693558
2495,2.6888585497093627
2496,3.4966853453895417
2497,2.1561671707666172
2498,2.2382530402084644
2499,2.6839747415794117
2500,1.9127579363105331
2501,2.9714138787692073
2502,1.7051349657157597
2503,2.481077222972056
2504,3.338767324117623
2505,2.7536533002165506
2506,3.8394664624744483
2507,2.142793315034103
2508,2.5230434705299896
2509,2.9984438943263436
2510,2.841825689124003
2511,4.657873409797799
2512,2.2124105122051008
2513,1.9164235217290757
2514,4.306915514784174
2515,3.578927557877901
2516,2.822497063180072
2517,3.460730739883115
2518,4.5569813076943015
2519,2.054581001522061
2520,3.4812674980563125
2521,2.7133276729353355
2522,2.9353832134467273
2523,3.185925517319236
2524,2.8584079912247984
2525,3.580920743021093
2526,2.8358330938643967
2527,2.5644180309471913
2528,2.4398862172108076
2529,2.5515418073441722
2530,3.3523017357593288
2531,3.0113968150995634
2532,3.592249675764225
2533,2.546662558243843
2534,1.9484076559919903
2535,1.8522433057033605
2536,3.305440147988734
2537,2.3233890164872717
2538,2.822346755041925
2539,3.404356675840906
2540,3.3564543164080805
2541,9.155208461635906
2542,3.616986622479
2543,1.9163479033059887
2544,2.713406975788527
2545,5.297862046575544
2546,3.4246895166219717
2547,3.6859040201917788
2548,3.7457626976468097
2549,3.4559503219781367
2550,2.3129334726930635
2551,4.073364218026375
2552,2.0072151001994727
2553,3.4076802615004804
2554,4.814307895879518
2555,2.5548056294309314
2556,3.0823690150403706
2557,2.9175042761756838
2558,3.3449857862152483
2559,2.7739317278980433
2560,3.204819200920461
2561,2.5340434864816483
2562,2.5162284159402644
2563,3.587688734731571
2564,2.3487137081425926
2565,3.1197608961553973
2566,2.659778836459437
2567,2.381352486535066
2568,3.247359778282502
2569,2.1692391578845243
2570,3.0036337471362105
2571,3.38740870949517
2572,2.0946346487685736
2573,3.2476395281464794
2574,3.822666145305538
2575,2.9645399276076967
2576,3.5599367634055854
2577,2.0411839046413696
2578,4.446516507628856
2579,3.744123110043496
2580,4.808726701384951
2581,3.960203929003781
2582,3.062705199835437
2583,2.719704208262141
2584,2.993435197798026
2585,2.3034208102742695
2586,3.6966165889755866
2587,2.449552391300019
2588,4.069139765763184
2589,2.7057264274581847
2590,3.063030198757043
2591,3.166261646080525
2592,1.8503334996779117
2593,1.903813466124009
2594,3.0306844709981076
2595,2.4084482477415317
2596,3.920422211338545
2597,3.9690317354264564
2598,2.381200585121749
2599,3.119798585331299
2600,2.645121048349283
2601,2.632740788469201
2602,3.911694630743071
2603,3.260670597334437
2604,2.0886316439777186
2605,2.8924116124632127
2606,2.9172675475127674
2607,2.395227832247935
2608,3.3350222340399682
2609,5.234126135379955
2610,2.7793391995642773
2611,6.138489821682825
2612,2.7183521302417235
2613,3.276010841240931
2614,5.029730124122675
2615,2.916865791861523
2616,2.5142644612250162
2617,3.212836042757867
2618,2.2624904204960323
2619,3.7552885457352865
2620,2.9511975259993317
2621,2.064040391780411
2622,4.474038598712622
2623,4.348715614771336
2624,4.831963649907101
2625,2.097956761725043
2626,2.7061058534618243
2627,2.037620476162374
2628,2.8186010489989664
2629,3.7663310151027827
2630,2.605647449535101
2631,2.4627420657171917
2632,2.560284946150208
2633,3.0118372882631896
2634,2.257070527999174
2635,2.74098880511569
2636,2.134420670721984
2637,2.9015196940915673
2638,2.9265249054629896
2639,1.9933496950723577
2640,2.4265241471414725
2641,5.560785488440209
2642,2.1183371183350483
2643,2.402284375372202
2644,3.1047927924133507
2645,3.835805807539238
2646,2.864683872822013
2647,3.7784852728459026
2648,2.27101378912174
2649,2.073789376043909
2650,5.048097358822179
2651,3.3552651766136696
2652,3.200239789638731
2653,5.932432339457684
2654,3.059942276172928
2655,2.9845358155868023
2656,3.169297356135748
2657,2.6234197823120198
2658,2.813166197021669
2659,2.5674685911936965
2660,1.9537273858248947
2661,3.637320224619886
2662,3.7995040356365593
2663,2.705139847267493
2664,2.9384076415726885
2665,2.0671587072883213
2666,3.507326627333186
2667,3.018589893041403
2668,2.27139240016422
2669,6.467006657593466
2670,3.373867189336956
2671,2.4711081300582505
2672,5.033600421934404
2673,3.2237828040247933
2674,2.5857095724661066
2675,2.5233198321248613
2676,2.8755289279370073
2677,2.136325522478697
2678,1.9052954792496894
2679,2.5807378977553137
2680,3.6694992017183807
2681,2.8862434270026496
2682,2.2105270766927556
2683,3.7117103631226613
2684,2.8575413671917596
2685,3.7354158302869918
2686,2.6163017352898645
2687,2.72637620327685
2688,2.0068950585181016
2689,3.2377710134525133
2690,3.194484704057452
2691,2.6610158040589598
2692,3.77731036025288
2693,3.1995192994481805
2694,4.291974452862058
2695,4.4599540206447505
2696,2.4836409616643333
2697,3.7427401615737113
2698,3.40106893493247
2699,1.945363169613509
2700,2.6555982212561693
2701,3.2661836093164687
2702,4.858052474795923
2703,2.174975712938011
2704,3.2044925188039155
2705,1.710975908371782
2706,6.608119824679753
2707,5.259644316127965
2708,3.543889731053098
2709,4.2212928699317995
2710,2.7800563376289187
2711,7.481199454182082
2712,3.6730637100259806
2713,4.97728216247433
2714,4.56972116828016
2715,6.208444190554121
2716,3.1978659253927333
2717,2.812420557911324
2718,3.3439505116516774
2719,3.3208903143830915
2720,2.4514029558704036
2721,4.118551193970263
2722,2.3978901360002634
2723,2.6413974013069863
2724,3.3846934990653272
2725,2.819757371712779
2726,2.137839577897017
2727,2.9187981536276095
2728,5.049200988036921
2729,2.534148955289033
2730,3.3684957374795035
2731,2.700162553969612
2732,7.709049020109799
2733,3.70259776176031
2734,2.9205344738667542
2735,4.99699207818249
2736,5.0727755920462565
2737,2.7978645451562327
2738,2.7871690993348355
2739,3.719379982936742
2740,9.026183808672393
2741,2.742061144266032
2742,2.6505201404827954
2743,2.6636794911933834
2744,4.681877833302406
2745,4.276474727238992
2746,4.577228609622594
2747,3.737392180390695
2748,2.559804942554273
2749,2.8076691826138656
2750,1.8140916499884467
2751,2.980550812025708
2752,2.6127722216402915
2753,2.4510550115101437
2754,3.5518220940594314
2755,2.025644696896076
2756,4.305453488266391
2757,4.368470479621576
2758,2.9790660348741853
2759,2.700270233034654
2760,2.1138440883888276
2761,3.8638818823291876
2762,2.4440529229422467
2763,2.209996455167617
2764,2.7704278386537884
2765,3.4316023092829315
2766,2.966462956801045
2767,2.6798706684747815
2768,2.9937298656153875
2769,2.3812201331105314
2770,2.6752807417953357
2771,5.0636885159779546
2772,2.122821071660384
2773,3.622797953880979
2774,4.421024646459393
2775,3.3536258635070904
2776,2.868604558731284
2777,2.4679369896022876
2778,1.9121382318142983
2779,5.8486566213526325
2780,3.1405796612975077
2781,3.208976775094237
2782,2.5351993104457957
2783,2.7494955027556642
2784,2.8540244054679396
2785,5.171793394202151
2786,2.4793415786120305
2787,3.004617280882819
2788,3.0375697172916363
2789,2.2590375680649855
2790,5.436990258298109
2791,3.465762944930146
2792,7.978850358695476
2793,2.5978861538435196
2794,2.386030469478129
2795,4.877008412271279
2796,4.078222425514163
2797,2.3314094997360195
2798,2.887666329150952
2799,6.23395304766509
2800,3.2059084136207487
2801,2.977830934441169
2802,3.1219117034937054
2803,3.4121407532726096
2804,2.2228087478399345
2805,3.1521846272850964
2806,2.7313509494735433
2807,2.7174139055642557
2808,2.9616416770819947
2809,2.249514369156411
2810,2.419967110064297
2811,2.6324132421043487
2812,2.428020288716827
2813,3.9631188553223353
2814,2.83241748534168
2815,2.730739102172257
2816,2.078183687067284
2817,3.5017447419343375
2818,2.030686695333238
2819,3.020590440312408
2820,2.912866131591654
2821,5.507632415768863
2822,3.1176265265204908
2823,2.782218772316511
2824,5.427808885505273
2825,3.2246155483722454
2826,2.5816553131628024
2827,3.494071745863881
2828,2.1522142150935863
2829,4.506320615232241
2830,4.0732275555505275
2831,2.492832177023536
2832,2.9249326613180293
2833,3.4755275061944064
2834,2.662163984026076
2835,2.235254484615719
2836,2.2937484381764066
2837,3.560709143992012
2838,3.6054757673623685
2839,2.8025280659773535
2840,2.6969346677352735
2841,3.0872704184905624
2842,6.012703711871213
2843,2.57433582961362
2844,5.830949260929079
2845,3.134759140991856
2846,2.059547960513901
2847,2.7968849417672956
2848,2.3865464677653057
2849,2.1568258821731194
2850,3.678874056093781
2851,2.643266614266055
2852,3.137387562539816
2853,4.395301846654676
2854,5.347048836573258
2855,2.0357862929991635
2856,2.8400285353104295
2857,2.6751305740903164
2858,2.821324351259197
2859,3.776226690247302
2860,2.0344451242785744
2861,3.785955494593882
2862,2.0520722648254184
2863,3.5238528635007014
2864,3.021115888386787
2865,3.4017042081183497
2866,2.7508024213365894
2867,4.716883707686219
2868,2.068302742357244
2869,3.655716086936526
2870,2.0380374310942737
2871,3.173435435881247
2872,2.3801440965044764
2873,3.4424998100694
2874,3.3428616983490347
2875,3.4982362361133856
2876,2.0140063218249074
2877,4.910158535082685
2878,2.234145991754669
2879,2.7247562489893444
2880,4.481247161541777
2881,3.4612688219161525
2882,3.52473112555243
2883,3.4055668986150467
2884,2.9387112058667997
2885,2.8638161577665793
2886,5.57673500671484
2887,2.6509550294979642
2888,2.507467905955691
2889,3.2493863261040143
2890,4.941943206790664
2891,1.962238337427121
2892,2.9920571440074344
2893,2.220773393915553
2894,4.367648709685999
2895,2.6469545132503383
2896,2.950044642598191
2897,3.4303033084613217
2898,5.4356260293089615
2899,5.233885955393548
2900,3.865942500778823
2901,2.848332981988296
2902,3.6215489938156766
2903,2.391815640415504
2904,2.7110718529873967
2905,4.352583761683425
2906,3.214382420064417
2907,3.1113015908445236
2908,2.3556760256429676
2909,3.4214694628540987
2910,3.064491859698948
2911,1.994799109826784
2912,4.062923383400434
2913,4.501369729221362
2914,2.2092735516113917
2915,6.969952361577894
2916,4.622854588436415
2917,5.4346990613740545
2918,3.921238544952278
2919,3.1004886542774055
2920,3.223859194516215
2921,2.7381112998287533
2922,3.096815191521903
2923,2.2029111714060177
2924,2.493762662465979
2925,2.0242085539002574
2926,2.9873072139669197
2927,3.148785086477226
2928,2.6133301985671484
2929,2.2010173640429733
2930,2.6436945073709204
2931,2.4586174569748063
2932,3.936933899453175
2933,4.477118113017387
2934,5.080213224669446
2935,2.1944381516450138
2936,3.0754300453774777
2937,5.421972841064291
2938,3.2701841396745603
2939,6.542949038100869
2940,3.320202172429885
2941,2.191017623061647
2942,3.553548130450362
2943,2.741219734877494
2944,2.8952939592254223
2945,1.8950682241964802
2946,2.256224978835818
2947,1.8523549202265002
2948,2.871295030136538
2949,1.9587368896667154
2950,4.76400917690338
2951,2.281237466294854
2952,4.103986452899717
2953,2.225456615178246
2954,4.097160744787762
2955,3.5449586725649427
2956,3.704946564234657
2957,3.2109953448177526
2958,13.127537271721769
2959,1.8470906129822435
2960,3.893026845891755
2961,2.128199860267557
2962,2.4706942880939575
2963,3.212013000120159
2964,4.504352852757272
2965,2.701434331302038
2966,2.9719733197421885
2967,2.514751798535307
2968,3.7417005631916576
2969,3.0195767882299824
2970,2.8633221131838087
2971,4.027013636420697
2972,3.122760284636629
2973,4.297502409613864
2974,2.419208365037337
2975,2.453087574503076
2976,1.9136640336106454
2977,2.792739152070822
2978,3.002852395977605
2979,2.1672238914763713
2980,2.5736180863335454
2981,2.2627568664956046
2982,2.244437987446005
2983,3.808225644316462
2984,3.2872267748943216
2985,2.5275806329485566
2986,2.5113140592717462
2987,10.232433264252565
2988,3.5594926248638714
2989,4.935009250426052
2990,5.277806382447776
2991,2.3401146143562337
2992,2.878558754478493
2993,2.6201949146108805
2994,2.8415301677940525
2995,2.1765577407271626
2996,2.3043566883672377
2997,2.435155198531176
2998,2.465628987417479
2999,7.532463504896168
3000,2.7407539786447384
3001,2.041851401753925
3002,2.5267081495517347
3003,7.8689006710688085
3004,3.397236964966315
3005,1.9528005989580062
3006,3.6257605032481037
3007,3.3685093849496783
3008,2.530435424280843
3009,1.9954972500530037
3010,2.098580987801411
3011,2.6310261268910207
3012,2.59889451549225
3013,1.978664682736263
3014,7.45481653217015
3015,3.022456311923502
3016,3.0674043368048487
3017,3.45785767416432
3018,2.8061085857440946
3019,2.1350351687545146
3020,4.1898418594880695
3021,2.42556077918198
3022,2.95729811376525
3023,3.9591484268874853
3024,2.6834194382666734
3025,3.744521199217856
3026,2.057165818955548
3027,3.4797426166430347
3028,3.828897563808464
3029,4.961195059544193
3030,3.1134392340902965
3031,2.366835132199662
3032,3.0820791453803618
3033,1.9965010446179074
3034,2.3005384251121566
3035,2.6552613060367243
3036,3.0817791621866806
3037,2.169796269895488
3038,2.975542528187757
3039,5.048018339838228
3040,2.839011708945385
3041,2.924229075834443
3042,2.51067790880404
3043,3.6106317925489932
3044,2.5147638704654502
3045,2.4716416880746936
3046,6.671265651041247
3047,2.7027740061067047
3048,2.4508131873387393
3049,3.277347527534664
3050,3.041001744151246
3051,4.909829756147921
3052,2.531102179386615
3053,3.0493429969217973
3054,2.062798564676904
3055,2.433248041195606
3056,3.701036402512445
3057,3.102977357008908
3058,4.985079404016514
3059,3.205233617277958
3060,2.7538105525667915
3061,2.0543037930709946
3062,3.0510749149426863
3063,3.0603077054185683
3064,2.8024851421965606
3065,2.7641854480661507
3066,2.724501252274197
3067,2.9463356279884163
3068,4.128777000921271
3069,2.81831839893721
3070,2.8931134369137768
3071,3.2444589449677212
3072,3.5797632598697082
3073,3.797837062018932
3074,3.341727166417678
3075,5.3424562676142395
3076,2.011965620314207
3077,2.3617982616135067
3078,2.2670778881424476
3079,4.864583139784094
3080,3.2285335096951444
3081,3.116494231996054
3082,2.074078382600937
3083,1.825354284977005
3084,2.691505433518791
3085,1.8062514913563816
3086,2.4681510237946855
3087,2.2821849644713272
3088,3.2535966074968616
3089,2.2868033472426097
3090,3.7080960254744055
3091,2.9607256245417015
3092,2.8844995945974214
3093,2.8242485319799018
3094,2.5229966170527334
3095,4.9223058464301745
3096,2.9437008116666328
3097,2.524098882373505
3098,2.243442761408391
3099,2.788965935525538
3100,3.9249678958349254
3101,3.524290425278144
3102,4.3440143463332745
3103,2.3168996887214117
3104,4.437189662329805
3105,2.592313020119159
3106,4.384390810370329
3107,3.290864498698852
3108,2.9952964928613017
3109,3.908549257938861
3110,2.91521983945899
3111,3.1983060657695033
3112,1.9803250741540142
3113,2.2625638140921733
3114,2.4273976902728864
3115,3.6820484211107543
3116,3.5461765051667995
3117,4.671427146167318
3118,3.5136568004340556
3119,3.8616577640816283
3120,2.7896633849282315
3121,3.066695127002646
3122,3.16578138168754
3123,2.6375119499968838
3124,2.2406802192433375
3125,3.0041874497618584
3126,3.150865665283418
3127,2.485659570578366
3128,1.9929467401670404
3129,2.227830744449561
3130,2.8954931629700957
3131,3.6626095319602783
3132,2.1725316026661052
3133,3.0639223849251973
3134,2.4970184222390714
3135,2.652829042043978
3136,3.1874580163696504
3137,2.5405453575522134
3138,5.1451151662154535
3139,2.554260445285366
3140,3.876699858106437
3141,2.4866457491786345
3142,2.3390813390608467
3143,5.9993538348916795
3144,1.8975892635134755
3145,2.3611078280572078
3146,3.068875903304266
3147,2.2649137422249184
3148,2.652932271588579
3149,2.2430904001837826
3150,3.772102868706656
3151,4.244009680209804
3152,4.398096071502063
3153,2.347153943201042
3154,2.556138432903714
3155,2.3498764125659446
3156,2.2955736075843864
3157,2.320852978790513
3158,4.414731837154213
3159,3.3068602144485437
3160,2.2716839626457115
3161,2.972825986458396
3162,2.2711611424367186
3163,4.058620338820461
3164,2.694288444999895
3165,2.4110310036199314
3166,5.070007804760735
3167,5.438663945674969
3168,2.2251841726078285
3169,2.4841519845798095
3170,4.2784902202833885
3171,4.7201929560524905
3172,2.6913314935748542
3173,3.0354460282644196
3174,2.7737087226081183
3175,2.344851877817812
3176,4.63730260118809
3177,2.8052360119688466
3178,3.6966952803673117
3179,5.048853926311144
3180,3.96913960712821
3181,3.68165215846632
3182,2.3984637215390507
3183,2.5820839328047986
3184,2.732414697109436
3185,3.7178386868442574
3186,2.583303039597473
3187,6.270829738097904
3188,2.4382288614855248
3189,3.4265457899435803
3190,2.611467805167956
3191,3.637903623921812
3192,5.011977008252185
3193,2.8062949384788256
3194,3.9335698857113575
3195,4.150664517129074
3196,2.2488796495078263
3197,3.1357866841373236
3198,2.095346497212868
3199,2.353665807488412
3200,3.029596998302097
3201,3.311924369150506
3202,3.3997709842314783
3203,2.6164588087506138
3204,4.124171046194831
3205,2.3846447344786017
3206,2.0920904702166365
3207,2.164496025194688
3208,2.7153531278198155
3209,2.36444609708206
3210,3.8383986249510924
3211,2.500473836990406
3212,2.014725297667556
3213,3.0872219526847684
3214,2.524277260595284
3215,2.556886327391864
3216,2.583744471899221
3217,2.973765504928369
3218,1.8586608037525536
3219,2.6380285004995363
3220,2.8591373365964685
3221,4.190138040619775
3222,2.9994121469831136
3223,3.5348751412613058
3224,2.8605801783794407
3225,2.7796261225554066
3226,2.916837565202366
3227,4.622835078069972
3228,2.49782801919562
3229,1.874837762367391
3230,5.299015337777213
3231,2.1619421948060014
3232,2.3901101127792357
3233,2.8634019185942883
3234,3.0531917383919636
3235,2.549205384375933
3236,2.6218501861919643
3237,2.7963909138393674
3238,2.376151924913442
3239,2.6314714633479643
3240,5.383517792744427
3241,2.782553451506983
3242,4.052202629905352
3243,4.055415223454166
3244,3.2332682222086175
3245,2.834508786657813
3246,3.31219840606493
3247,2.487066370199428
3248,2.5602430848431386
3249,3.8607877203027043
3250,3.2289037705772325
3251,3.3134669251013915
3252,3.148835727316082
3253,2.042159341753973
3254,3.4253852866218235
3255,3.4523866098814486
3256,3.1731593325657044
3257,2.559284486765766
3258,2.6900635181123076
3259,3.160113313761616
3260,2.3545252910800034
3261,3.73695551942958
3262,2.273328594920662
3263,2.706306395741
3264,3.205486531484818
3265,2.3683607457586247
3266,4.555799567070707
3267,5.0477109448306585
3268,2.785789728949405
3269,3.4538499409361547
3270,2.4463505934431593
3271,2.119380578299778
3272,2.484436413650525
3273,4.222930636678617
3274,3.4017122944335423
3275,2.451860749617384
3276,2.8053338489301303
3277,2.946002444363964
3278,2.638421042617374
3279,3.4281613907210384
3280,3.675601884351655
3281,2.6263299108934444
3282,3.5796574881884733
3283,5.216420644047043
3284,3.0891548122657575
3285,3.2283225176734835
3286,2.5563229268817658
3287,3.4761134176582913
3288,3.0008740019932563
3289,2.9850822349591137
3290,1.9779840175700223
3291,2.466827888056061
3292,4.770070483161412
3293,2.598973857526214
3294,3.232693451917711
3295,4.01251355657339
3296,2.147629446968667
3297,6.235843328323285
3298,1.8130392547553749
3299,2.5018407525812205
3300,3.146710084418528
3301,2.6841813479318843
3302,6.183607032574472
3303,3.6947736105963673
3304,2.407030233909142
3305,2.6260119268075277
3306,1.9486543109885157
3307,3.1832673268961
3308,3.545178892126806
3309,1.8879477440579793
3310,2.9277351826943545
3311,2.9260970170374514
3312,1.8420658231208886
3313,2.558484670145548
3314,4.160436003542284
3315,2.677973587507275
3316,2.879432869968228
3317,2.498690299968886
3318,3.1189787892707375
3319,2.411216681967805
3320,4.845539700926918
3321,2.497118476880713
3322,2.5706632414747426
3323,3.5968656709459736
3324,4.294332477249476
3325,2.1889422023592786
3326,3.659523176715001
3327,3.6638131877231417
3328,2.516666551429885
3329,2.8534680794321345
3330,4.552510287866257
3331,2.1675492772385003
3332,2.692958764551941
3333,2.4818478893410956
3334,3.2190791853938236
3335,3.1965256745059323
3336,1.9242460056507245
3337,3.796161254999106
3338,3.027440186506186
3339,3.9065278665999172
3340,3.0471540845471274
3341,2.2260778318650103
3342,2.507962215618951
3343,4.314762342768288
3344,2.124754672458413
3345,2.3195466650799528
3346,2.0566369872505623
3347,3.7963121401890847
3348,4.28473652636253
3349,3.195072417084119
3350,2.7302621178868556
3351,3.222682027536384
3352,2.8863242395941824
3353,4.856974580841179
3354,3.0560822884118424
3355,3.4293127036374056
3356,2.1018671954830808
3357,3.985407396294796
3358,3.1683614473270367
3359,3.5630082728269916
3360,2.370644256236404
3361,4.316996436626256
3362,2.817458951125057
3363,3.20341371047267
3364,2.8794065552158243
3365,2.7163627295510544
3366,2.327301919892996
3367,2.8816393845351116
3368,2.4291465523748195
3369,2.9355654744875164
3370,2.570772407407386
3371,2.8432646793660967
3372,2.191342493471831
3373,2.729791844523716
3374,2.2011827518322686
3375,3.2958457281073317
3376,2.6681733564193464
3377,2.3730489988749124
3378,2.7879724758349362
3379,2.29541975452158
3380,4.532517246566829
3381,3.6063928627564663
3382,2.8273231666076413
3383,3.209115892422728
3384,2.2002106473761334
3385,2.3039710097268777
3386,3.4347516141793513
3387,2.9213761714210857
3388,4.017301010766597
3389,4.868906721155638
3390,2.647999479173735
3391,4.250341389250827
3392,3.6236937729431853
3393,2.9685545492189926
3394,3.7671437156352514
3395,2.1376190482961333
3396,3.210206201878041
3397,3.4151258265286852
3398,3.6699173120634447
3399,3.0093897492310213
3400,4.20656420683674
3401,2.1982456277674336
3402,2.6788815014878855
3403,3.613867325767234
3404,2.8528070399595378
3405,2.5228099405601707
3406,6.598438882772239
3407,3.761689925774436
3408,4.252282903848634
3409,2.9165507811030875
3410,3.4773994141525937
3411,3.109911140404771
3412,3.180828849935344
3413,2.5672967150947925
3414,2.4893514519797497
3415,3.6165050997345203
3416,2.0140556524707494
3417,2.007436496060808
3418,3.2127253775532236
3419,3.061917562372441
3420,2.424572376533828
3421,2.0019169504569883
3422,2.597398752092959
3423,3.065340405129571
3424,2.6190345587558586
3425,3.2580476649147756
3426,2.0326354799615562
3427,3.2846146154695854
3428,1.8127790715908134
3429,4.112737191127467
3430,2.7757777663211303
3431,2.2614712966953747
3432,4.097099424673477
3433,2.959460181352328
3434,2.1460116596512195
3435,2.7449397501967034
3436,3.2312084277043476
3437,4.303608892708568
3438,4.110762106404846
3439,3.038350437841778
3440,3.2482804688297393
3441,3.5901820843124743
3442,3.265655988481716
3443,2.7689493374490377
3444,3.8741019436750026
3445,2.3562594499004508
3446,6.4279436617392545
3447,2.103745273804645
3448,5.254973495392614
3449,4.695142848008255
3450,2.4302142831830236
3451,2.054568252349626
3452,3.376734114372371
3453,2.178472099647237
3454,2.832719969497021
3455,1.9850828142340058
3456,2.6921597642445785
3457,6.466958691344812
3458,2.3917742656141545
3459,1.9335601113491196
3460,2.7373493223364305
3461,2.9706377582151555
3462,2.483646195725695
3463,3.4291778887520334
3464,2.5306726796174153
3465,3.4866171096644822
3466,2.382755909232523
3467,3.6682109808445658
3468,3.4836010786064917
3469,3.767489702935342
3470,3.0406770929414937
3471,2.3206229788039794
3472,2.3802281098230855
3473,2.3930147555928296
3474,2.710851838613198
3475,2.2865547687545065
3476,3.2352323255032758
3477,2.8733886562098894
3478,2.776020426069857
3479,3.307093443790702
3480,2.157935110282345
3481,2.792705427674149
3482,3.718922802035757
3483,2.933039411492747
3484,2.570818120968532
3485,3.528824398825324
3486,2.2176231200304115
3487,2.4567649922471926
3488,3.052653603972285
3489,3.42840221289599
3490,2.9067397865188798
3491,2.9567793011278956
3492,2.805753618105577
3493,2.717841370199637
3494,2.6462208495675386
3495,2.7498799549507558
3496,3.0101384105347524
3497,2.940445266935346
3498,2.531835203359098
3499,2.74652028416847
3500,1.9527435680318816
3501,2.7529407199417704
3502,2.4826156015176126
3503,2.2809313258920496
3504,2.891314723688604
3505,2.539902126437314
3506,2.5003953512650967
3507,3.3893993509529783
3508,2.369750940454523
3509,3.057939938947052
3510,4.534206019279849
3511,1.9838350759914491
3512,2.794573389280177
3513,1.9120302885993679
3514,2.7243038103973176
3515,2.472458981221411
3516,2.7585176184489866
3517,4.218060658777653
3518,2.9371182429367266
3519,5.154628371304797
3520,3.8331122745841615
3521,3.3672591778314658
3522,2.3066968081506065
3523,3.8074710885551486
3524,2.621232242007621
3525,6.9578745468540255
3526,2.4570281761598465
3527,3.179208463862578
3528,2.985495787641072
3529,4.573725643163643
3530,2.8402335191178247
3531,2.309012023327406
3532,2.114162488386734
3533,4.313437104986643
3534,2.298524013054294
3535,4.130908747138239
3536,2.302580820538731
3537,3.0435312626636746
3538,3.542824090198832
3539,2.7887047676179857
3540,3.172874819550756
3541,2.617806457083668
3542,2.599073287826583
3543,2.871379740887599
3544,4.032011454545094
3545,2.766012169604126
3546,3.1017504978315156
3547,3.109298558908692
3548,2.8780178366895166
3549,3.3978338157279095
3550,4.541366170807901
3551,2.666187617517183
3552,3.4997687931907024
3553,2.297003166122704
3554,2.898501341877381
3555,3.4925657823877136
3556,3.062075293397736
3557,4.245054226563864
3558,2.241380934601741
3559,2.932477644453099
3560,3.2012593717778692
3561,3.1705232671164425
3562,2.7644559633013777
3563,2.547434082898669
3564,3.2787082855900196
3565,4.526870264550629
3566,2.5902530910032535
3567,2.567375552402364
3568,2.036146377869246
3569,2.340791899210474
3570,5.160692570128617
3571,2.4307891293757966
3572,3.9672015985498494
3573,2.1013240144782146
3574,3.703927634858433
3575,3.0220572275714512
3576,2.9084649345954445
3577,3.0972048720539194
3578,4.533173738597007
3579,3.9345437358310935
3580,2.2993254502078355
3581,2.903056464739435
3582,1.9509121604136253
3583,3.321013061985011
3584,4.534833115738438
3585,4.470556191527746
3586,3.005624546475486
3587,1.8784030950816542
3588,2.5423579515932264
3589,3.0389146432195164
3590,2.546358427618811
3591,2.889941106305233
3592,3.318379584988243
3593,2.5337220552989264
3594,5.802504694627838
3595,2.323532719062557
3596,3.0805082364414726
3597,3.6428933518874573
3598,2.6497040704641064
3599,3.0860773140987323
3600,2.0494108554307138
3601,3.1890671720953234
3602,2.5498566564233958
3603,5.139676413700231
3604,3.6235279986570283
3605,2.9342776379061366
3606,3.571412701972301
3607,2.6582943319448926
3608,1.8408433605255912
3609,3.1041880983119223
3610,2.224140668089022
3611,2.302623204350863
3612,3.9348900336004857
3613,1.9182020450041013
3614,3.3868083306229586
3615,2.2628059047738325
3616,2.360154953804656
3617,6.423972409987193
3618,2.7175676935380375
3619,4.558573158708686
3620,5.158810790372173
3621,3.2282034274033977
3622,2.0805608662788395
3623,3.034279911871408
3624,2.844036546526764
3625,2.436535531075536
3626,3.6927986266962756
3627,2.8932765034778547
3628,3.0132007694671756
3629,1.8885961524129349
3630,2.622144527073898
3631,2.6537445855497017
3632,2.350116884207336
3633,4.088990973098022
3634,2.644371110721487
3635,4.108392551013033
3636,2.4866107316577617
3637,4.061510198575913
3638,2.3839359356760323
3639,3.686100235626569
3640,2.2189831478496735
3641,3.1222302218666624
3642,3.589861137867343
3643,2.0029994998183698
3644,3.4260232661769123
3645,2.4730642906713207
3646,4.447598001397958
3647,4.993044250860175
3648,2.8861923886428498
3649,4.021684592170024
3650,2.488189274890717
3651,2.8146846966917516
3652,2.575894522979568
3653,3.961583268065156
3654,2.6942402845027114
3655,3.898719889933799
3656,4.467104982246683
3657,2.0163703446311696
3658,2.491657704326521
3659,2.3232970750604047
3660,2.090872195386629
3661,3.022395188643553
3662,3.292786094115696
3663,2.8302633682578526
3664,2.8793471754648037
3665,3.4592909111200387
3666,2.313152111925902
3667,2.6891792250938598
3668,3.0151192042753125
3669,3.4710642837804317
3670,4.080210224732169
3671,2.4033183974704073
3672,3.4572005581335654
3673,7.179108264125399
3674,2.5684964746210732
3675,3.224023274724172
3676,3.625765671497087
3677,10.931019226769058
3678,2.673981766218339
3679,3.311364470512672
3680,1.9661226790072241
3681,2.006085772677274
3682,4.227198373534504
3683,2.9037254865149404
3684,3.7283660999562636
3685,3.231936096152086
3686,2.5677898472222664
3687,2.072979001612806
3688,2.489312641307585
3689,2.4737680452946327
3690,3.0586386328888326
3691,2.2343190228377003
3692,2.262410048580908
3693,3.064524893441412
3694,2.0177346387243906
3695,3.9649655298871553
3696,2.5735724660833554
3697,2.519811175705918
3698,3.148521154287825
3699,3.310184896793562
3700,4.27141092057669
3701,2.3420618825644866
3702,3.9016221197790593
3703,3.3637370335593766
3704,3.0564355617817722
3705,3.5603670167894075
3706,3.3157228359211044
3707,2.053381577036854
3708,3.501558790303023
3709,2.6841582736019287
3710,2.709027328440751
3711,2.242114448253099
3712,2.3995821746447614
3713,3.952629323896577
3714,2.6407038573518022
3715,2.7386934854375062
3716,4.015662446611694
3717,2.306091960043294
3718,2.530006145169663
3719,7.224641301775497
3720,4.346566282696173
3721,3.57221531852144
3722,2.404424414756388
3723,4.926103950619027
3724,3.313534739846463
3725,2.885399276143336
3726,5.395938557156364
3727,2.3595690131639353
3728,3.4294718052900053
3729,2.648033088878932
3730,2.219523915563855
3731,2.498283222971071
3732,2.4119271024763487
3733,1.825518381679459
3734,2.836069277151252
3735,3.3066172480584215
3736,2.1581372116774746
3737,3.573768278098222
3738,2.133808881764424
3739,2.6682586482046453
3740,2.6767145666907917
3741,3.2030132048759667
3742,2.170608467218345
3743,4.474160633309704
3744,3.8370625171166415
3745,3.326844136926337
3746,2.5717591196309453
3747,2.7588055502170836
3748,2.382115626231173
3749,2.113335643801138
3750,2.4818744385019764
